iter	Logloss
0	0.2500068988
1	0.1930158307
2	0.1751418344
3	0.1579287404
4	0.1476526963
