iter	Logloss
0	0.3341015895
1	0.2384493498
2	0.1998622515
3	0.1848485701
4	0.1700370999
5	0.1666517567
6	0.1608770852
7	0.1595890286
8	0.1589931488
9	0.1563473724
